Model,ROUGE-1,ROUGE-2,ROUGE-L,BERTScore,Summarization Time (sec),Word Count
Deepseek-r1(8b),0.4033106505666846,0.15166992087954528,0.20070694366331143,0.8503368854522705,46.12133333333334,352.53333333333336
Gemma3,0.4127031844850803,0.1515695766208651,0.20462455841763377,0.8497824748357137,47.632666666666665,366.4
Mistral,0.4086553371358899,0.15363395603407204,0.20340865966528507,0.8467754046122233,110.39533333333334,370.06666666666666
Qwen_2.5,0.4088565976217303,0.14896807455193228,0.19804901289497842,0.8502416690190633,104.54266666666668,362.53333333333336
llama_3.1,0.38824021574854667,0.14501322350969115,0.19742709270632774,0.8511948108673095,81.26533333333333,330.06666666666666
llama_3.2,0.40532041067395164,0.15148664996454814,0.20115511250221826,0.8484478116035461,48.583333333333336,371.26666666666665
